<?xml version="1.0" encoding="UTF-8"?>
<hdf5:HDF5-File xmlns:hdf5="http://hdfgroup.org/HDF5/XML/schema/HDF5-File.xsd" xmlns:xsi="http://www.w3.org/2001/XMLSchema-instance" xsi:schemaLocation="http://hdfgroup.org/HDF5/XML/schema/HDF5-File http://www.hdfgroup.org/HDF5/XML/schema/HDF5-File.xsd">
<hdf5:RootGroup OBJ-XID="xid_928" H5Path="/">
   <hdf5:Attribute Name="/attr1">
      <hdf5:Dataspace>
         <hdf5:SimpleDataspace Ndims="1">
            <hdf5:Dimension  DimSize="24" MaxDimSize="24"/>
         </hdf5:SimpleDataspace>
      </hdf5:Dataspace>
      <hdf5:DataType>
         <hdf5:AtomicType>
            <hdf5:IntegerType ByteOrder="BE" Sign="true" Size="1" />
         </hdf5:AtomicType>
      </hdf5:DataType>
      <hdf5:Data>
         <hdf5:DataFromFile>
         97
         116
         116
         114
         105
         98
         117
         116
         101
         32
         111
         102
         32
         114
         111
         111
         116
         32
         103
         114
         111
         117
         112
         0
         </hdf5:DataFromFile>
      </hdf5:Data>
   </hdf5:Attribute>
   <hdf5:Attribute Name="attr2">
      <hdf5:Dataspace>
         <hdf5:SimpleDataspace Ndims="1">
            <hdf5:Dimension  DimSize="10" MaxDimSize="10"/>
         </hdf5:SimpleDataspace>
      </hdf5:Dataspace>
      <hdf5:DataType>
         <hdf5:AtomicType>
            <hdf5:IntegerType ByteOrder="BE" Sign="true" Size="4" />
         </hdf5:AtomicType>
      </hdf5:DataType>
      <hdf5:Data>
         <hdf5:DataFromFile>
         1
         2
         3
         4
         5
         6
         7
         8
         9
         10
         </hdf5:DataFromFile>
      </hdf5:Data>
   </hdf5:Attribute>
   <hdf5:Attribute Name="attr3">
      <hdf5:Dataspace>
         <hdf5:SimpleDataspace Ndims="1">
            <hdf5:Dimension  DimSize="10" MaxDimSize="10"/>
         </hdf5:SimpleDataspace>
      </hdf5:Dataspace>
      <hdf5:DataType>
         <hdf5:AtomicType>
            <hdf5:FloatType ByteOrder="BE" Size="8" SignBitLocation="63" ExponentBits="11" ExponentLocation="52" MantissaBits="52" MantissaLocation="0" />
         </hdf5:AtomicType>
      </hdf5:DataType>
      <hdf5:Data>
         <hdf5:DataFromFile>
         0
         0.1
         0.2
         0.3
         0.4
         0.5
         0.6
         0.7
         0.8
         0.9
         </hdf5:DataFromFile>
      </hdf5:Data>
   </hdf5:Attribute>
   <hdf5:Attribute Name="attr4">
      <hdf5:Dataspace>
         <hdf5:ScalarDataspace />
      </hdf5:Dataspace>
      <hdf5:DataType>
         <hdf5:AtomicType>
            <hdf5:IntegerType ByteOrder="BE" Sign="true" Size="4" />
         </hdf5:AtomicType>
      </hdf5:DataType>
      <hdf5:Data>
         <hdf5:DataFromFile>
         100
         </hdf5:DataFromFile>
      </hdf5:Data>
   </hdf5:Attribute>
   <hdf5:Attribute Name="attr5">
      <hdf5:Dataspace>
         <hdf5:ScalarDataspace />
      </hdf5:Dataspace>
      <hdf5:DataType>
         <hdf5:AtomicType>
            <hdf5:StringType Cset="H5T_CSET_ASCII" StrSize="17" StrPad="H5T_STR_NULLTERM"/>
         </hdf5:AtomicType>
      </hdf5:DataType>
      <hdf5:Data>
         <hdf5:DataFromFile>
         "string attribute"
         </hdf5:DataFromFile>
      </hdf5:Data>
   </hdf5:Attribute>
</hdf5:RootGroup>
</hdf5:HDF5-File>
