<?xml version="1.0" encoding="UTF-8"?>
<thing:HDF5-File xmlns:thing="http://hdfgroup.org/HDF5/XML/schema/HDF5-File.xsd" xmlns:xsi="http://www.w3.org/2001/XMLSchema-instance" xsi:schemaLocation="http://hdfgroup.org/HDF5/XML/schema/HDF5-File http://www.hdfgroup.org/HDF5/XML/schema/HDF5-File.xsd">
<thing:RootGroup OBJ-XID="xid_928" H5Path="/">
   <thing:Dataset Name="Dataset1.0" OBJ-XID="xid_976" H5Path= "/Dataset1.0" Parents="xid_928" H5ParentPaths="/">
      <thing:StorageLayout>
         <thing:ContiguousLayout/>
      </thing:StorageLayout>
      <thing:FillValueInfo FillTime="FillIfSet" AllocationTime="Late">
         <thing:FillValue>
            <thing:NoFill/>
         </thing:FillValue>
      </thing:FillValueInfo>
      <thing:Dataspace>
         <thing:SimpleDataspace Ndims="1">
            <thing:Dimension  DimSize="4" MaxDimSize="4"/>
         </thing:SimpleDataspace>
      </thing:Dataspace>
      <thing:DataType>
         <thing:VLType>
            <thing:DataType>
               <thing:AtomicType>
                  <thing:IntegerType ByteOrder="LE" Sign="true" Size="4" />
               </thing:AtomicType>
            </thing:DataType>
         </thing:VLType>
      </thing:DataType>
<!-- Note: format of VL data not specified -->
      <thing:Data>
         <thing:DataFromFile>
          
          
          
          
         </thing:DataFromFile>
      </thing:Data>
   </thing:Dataset>
   <thing:Dataset Name="Dataset2.0" OBJ-XID="xid_1576" H5Path= "/Dataset2.0" Parents="xid_928" H5ParentPaths="/">
      <thing:StorageLayout>
         <thing:ContiguousLayout/>
      </thing:StorageLayout>
      <thing:FillValueInfo FillTime="FillIfSet" AllocationTime="Late">
         <thing:FillValue>
            <thing:NoFill/>
         </thing:FillValue>
      </thing:FillValueInfo>
      <thing:Dataspace>
         <thing:SimpleDataspace Ndims="1">
            <thing:Dimension  DimSize="4" MaxDimSize="4"/>
         </thing:SimpleDataspace>
      </thing:Dataspace>
      <thing:DataType>
         <thing:AtomicType>
            <thing:IntegerType ByteOrder="LE" Sign="true" Size="4" />
         </thing:AtomicType>
      </thing:DataType>
      <thing:Data>
         <thing:DataFromFile>
         0
         0
         0
         0
         </thing:DataFromFile>
      </thing:Data>
   </thing:Dataset>
   <thing:Dataset Name="Dataset3.0" OBJ-XID="xid_2128" H5Path= "/Dataset3.0" Parents="xid_928" H5ParentPaths="/">
      <thing:StorageLayout>
         <thing:ContiguousLayout/>
      </thing:StorageLayout>
      <thing:FillValueInfo FillTime="FillIfSet" AllocationTime="Late">
         <thing:FillValue>
            <thing:NoFill/>
         </thing:FillValue>
      </thing:FillValueInfo>
      <thing:Dataspace>
         <thing:SimpleDataspace Ndims="1">
            <thing:Dimension  DimSize="4" MaxDimSize="4"/>
         </thing:SimpleDataspace>
      </thing:Dataspace>
      <thing:DataType>
         <thing:AtomicType>
            <thing:FloatType ByteOrder="LE" Size="4" SignBitLocation="31" ExponentBits="8" ExponentLocation="23" MantissaBits="23" MantissaLocation="0" />
         </thing:AtomicType>
      </thing:DataType>
      <thing:Data>
         <thing:DataFromFile>
         0
         0
         0
         0
         </thing:DataFromFile>
      </thing:Data>
   </thing:Dataset>
   <thing:Dataset Name="Dataset4.0" OBJ-XID="xid_2400" H5Path= "/Dataset4.0" Parents="xid_928" H5ParentPaths="/">
      <thing:StorageLayout>
         <thing:ContiguousLayout/>
      </thing:StorageLayout>
      <thing:FillValueInfo FillTime="FillIfSet" AllocationTime="Late">
         <thing:FillValue>
            <thing:NoFill/>
         </thing:FillValue>
      </thing:FillValueInfo>
      <thing:Dataspace>
         <thing:SimpleDataspace Ndims="1">
            <thing:Dimension  DimSize="4" MaxDimSize="4"/>
         </thing:SimpleDataspace>
      </thing:Dataspace>
      <thing:DataType>
         <thing:ArrayType Ndims="1">
            <thing:ArrayDimension DimSize="4"/>
            <thing:DataType>
               <thing:AtomicType>
                  <thing:IntegerType ByteOrder="LE" Sign="true" Size="4" />
               </thing:AtomicType>
            </thing:DataType>
         </thing:ArrayType>
      </thing:DataType>
      <thing:Data>
         <thing:DataFromFile>
         0 0 0 0
         0 0 0 0
         0 0 0 0
         0 0 0 0
         </thing:DataFromFile>
      </thing:Data>
   </thing:Dataset>
   <thing:Dataset Name="Dataset5.0" OBJ-XID="xid_2672" H5Path= "/Dataset5.0" Parents="xid_928" H5ParentPaths="/">
      <thing:StorageLayout>
         <thing:ContiguousLayout/>
      </thing:StorageLayout>
      <thing:FillValueInfo FillTime="FillIfSet" AllocationTime="Late">
         <thing:FillValue>
            <thing:NoFill/>
         </thing:FillValue>
      </thing:FillValueInfo>
      <thing:Dataspace>
         <thing:SimpleDataspace Ndims="1">
            <thing:Dimension  DimSize="4" MaxDimSize="4"/>
         </thing:SimpleDataspace>
      </thing:Dataspace>
      <thing:DataType>
         <thing:CompoundType>
            <thing:Field FieldName="a">
               <thing:DataType>
                  <thing:AtomicType>
                     <thing:IntegerType ByteOrder="LE" Sign="true" Size="4" />
                  </thing:AtomicType>
               </thing:DataType>
            </thing:Field>
            <thing:Field FieldName="b">
               <thing:DataType>
                  <thing:AtomicType>
                     <thing:FloatType ByteOrder="LE" Size="4" SignBitLocation="31" ExponentBits="8" ExponentLocation="23" MantissaBits="23" MantissaLocation="0" />
                  </thing:AtomicType>
               </thing:DataType>
            </thing:Field>
            <thing:Field FieldName="c">
               <thing:DataType>
                  <thing:AtomicType>
                     <thing:IntegerType ByteOrder="LE" Sign="true" Size="1" />
                  </thing:AtomicType>
               </thing:DataType>
            </thing:Field>
         </thing:CompoundType>
      </thing:DataType>
   <!-- Note: format of compound data not specified -->
      <thing:Data>
         <thing:DataFromFile>
         0 0 0
         0 0 0
         0 0 0
         0 0 0
         </thing:DataFromFile>
      </thing:Data>
   </thing:Dataset>
</thing:RootGroup>
</thing:HDF5-File>
