<?xml version="1.0" encoding="UTF-8"?>
<hdf5:HDF5-File xmlns:hdf5="http://hdfgroup.org/HDF5/XML/schema/HDF5-File.xsd" xmlns:xsi="http://www.w3.org/2001/XMLSchema-instance" xsi:schemaLocation="http://hdfgroup.org/HDF5/XML/schema/HDF5-File http://www.hdfgroup.org/HDF5/XML/schema/HDF5-File.xsd">
<hdf5:RootGroup OBJ-XID="xid_96" H5Path="/">
   <hdf5:Dataset Name="Dataset" OBJ-XID="xid_1256" H5Path= "/Dataset" Parents="xid_96" H5ParentPaths="/">
      <hdf5:StorageLayout>
         <hdf5:ContiguousLayout/>
      </hdf5:StorageLayout>
      <hdf5:FillValueInfo FillTime="FillIfSet" AllocationTime="Late">
         <hdf5:FillValue>
            <hdf5:NoFill/>
         </hdf5:FillValue>
      </hdf5:FillValueInfo>
      <hdf5:Dataspace>
         <hdf5:ScalarDataspace />
      </hdf5:Dataspace>
      <hdf5:NamedDataTypePtr OBJ-XID="xid_800" H5Path="/Datatype" />
      <hdf5:Attribute Name="Attribute">
         <hdf5:Dataspace>
            <hdf5:ScalarDataspace />
         </hdf5:Dataspace>
         <hdf5:NamedDataTypePtr OBJ-XID="xid_800" H5Path="/Datatype" />
         <hdf5:Data>
            <hdf5:DataFromFile>
            8
            </hdf5:DataFromFile>
         </hdf5:Data>
      </hdf5:Attribute>
      <hdf5:Data>
         <hdf5:NoData/>
      </hdf5:Data>
   </hdf5:Dataset>
   <hdf5:NamedDataType Name="Datatype" OBJ-XID="xid_800" H5Path="/Datatype" Parents="xid_96" H5ParentPaths="/">
      <hdf5:DataType>
         <hdf5:AtomicType>
            <hdf5:IntegerType ByteOrder="LE" Sign="true" Size="4" />
         </hdf5:AtomicType>
      </hdf5:DataType>
   </hdf5:NamedDataType>
   <hdf5:NamedDataType Name="Link_to_Datatype" OBJ-XID="xid_800" H5Path="/Link_to_Datatype" Parents="xid_96" H5ParentPaths="/">
      <hdf5:NamedDatatypePtr OBJ-XID="xid_800" H5Path="/Datatype"/>
   </hdf5:NamedDataType>
   <hdf5:Group Name="g1" OBJ-XID="xid_1528" H5Path="/g1" Parents="xid_96" H5ParentPaths="/" >
      <hdf5:Attribute Name="Attribute">
         <hdf5:Dataspace>
            <hdf5:ScalarDataspace />
         </hdf5:Dataspace>
         <hdf5:NamedDataTypePtr OBJ-XID="xid_800" H5Path="/Datatype" />
         <hdf5:Data>
            <hdf5:DataFromFile>
            8
            </hdf5:DataFromFile>
         </hdf5:Data>
      </hdf5:Attribute>
   </hdf5:Group>
</hdf5:RootGroup>
</hdf5:HDF5-File>
