<?xml version="1.0" encoding="UTF-8"?>
<hdf5:HDF5-File xmlns:hdf5="http://hdfgroup.org/HDF5/XML/schema/HDF5-File.xsd" xmlns:xsi="http://www.w3.org/2001/XMLSchema-instance" xsi:schemaLocation="http://hdfgroup.org/HDF5/XML/schema/HDF5-File http://www.hdfgroup.org/HDF5/XML/schema/HDF5-File.xsd">
<hdf5:RootGroup OBJ-XID="xid_696" H5Path="/">
   <hdf5:Attribute Name="attr1&lt;withlt">
      <hdf5:Dataspace>
         <hdf5:SimpleDataspace Ndims="1">
            <hdf5:Dimension  DimSize="10" MaxDimSize="10"/>
         </hdf5:SimpleDataspace>
      </hdf5:Dataspace>
      <hdf5:DataType>
         <hdf5:AtomicType>
            <hdf5:IntegerType ByteOrder="BE" Sign="true" Size="1" />
         </hdf5:AtomicType>
      </hdf5:DataType>
      <hdf5:Data>
         <hdf5:DataFromFile>
         97
         98
         99
         100
         101
         102
         103
         104
         105
         0
         </hdf5:DataFromFile>
      </hdf5:Data>
   </hdf5:Attribute>
   <hdf5:Group Name="g1.1&lt;withlt" OBJ-XID="xid_1344" H5Path="/g1.1&lt;withlt" Parents="xid_696" H5ParentPaths="/" >
      <hdf5:Dataset Name="dset1.1.1&lt;withlt" OBJ-XID="xid_1720" H5Path= "/g1.1&lt;withlt/dset1.1.1&lt;withlt" Parents="xid_1344" H5ParentPaths="/g1.1&lt;withlt">
         <hdf5:StorageLayout>
            <hdf5:ContiguousLayout/>
         </hdf5:StorageLayout>
         <hdf5:FillValueInfo FillTime="FillIfSet" AllocationTime="Late">
            <hdf5:FillValue>
               <hdf5:NoFill/>
            </hdf5:FillValue>
         </hdf5:FillValueInfo>
         <hdf5:Dataspace>
            <hdf5:SimpleDataspace Ndims="2">
               <hdf5:Dimension  DimSize="10" MaxDimSize="10"/>
               <hdf5:Dimension  DimSize="10" MaxDimSize="10"/>
            </hdf5:SimpleDataspace>
         </hdf5:Dataspace>
         <hdf5:DataType>
            <hdf5:AtomicType>
               <hdf5:IntegerType ByteOrder="BE" Sign="true" Size="4" />
            </hdf5:AtomicType>
         </hdf5:DataType>
         <hdf5:Data>
            <hdf5:DataFromFile>
            0
            0
            0
            0
            0
            0
            0
            0
            0
            0
            0
            1
            2
            3
            4
            5
            6
            7
            8
            9
            0
            2
            4
            6
            8
            10
            12
            14
            16
            18
            0
            3
            6
            9
            12
            15
            18
            21
            24
            27
            0
            4
            8
            12
            16
            20
            24
            28
            32
            36
            0
            5
            10
            15
            20
            25
            30
            35
            40
            45
            0
            6
            12
            18
            24
            30
            36
            42
            48
            54
            0
            7
            14
            21
            28
            35
            42
            49
            56
            63
            0
            8
            16
            24
            32
            40
            48
            56
            64
            72
            0
            9
            18
            27
            36
            45
            54
            63
            72
            81
            </hdf5:DataFromFile>
         </hdf5:Data>
      </hdf5:Dataset>
   </hdf5:Group>
</hdf5:RootGroup>
</hdf5:HDF5-File>
