<?xml version="1.0" encoding="UTF-8"?>
<hdf5:HDF5-File xmlns:hdf5="http://hdfgroup.org/HDF5/XML/schema/HDF5-File.xsd" xmlns:xsi="http://www.w3.org/2001/XMLSchema-instance" xsi:schemaLocation="http://hdfgroup.org/HDF5/XML/schema/HDF5-File http://www.hdfgroup.org/HDF5/XML/schema/HDF5-File.xsd">
<hdf5:RootGroup OBJ-XID="xid_928" H5Path="/">
   <hdf5:Attribute Name="attr">
      <hdf5:Dataspace>
         <!-- unknown dataspace -->
      </hdf5:Dataspace>
      <hdf5:DataType>
         <hdf5:AtomicType>
            <hdf5:IntegerType ByteOrder="LE" Sign="false" Size="4" />
         </hdf5:AtomicType>
      </hdf5:DataType>
      <hdf5:Data>
         <hdf5:NoData/>
      </hdf5:Data>
   </hdf5:Attribute>
   <hdf5:Dataset Name="dset" OBJ-XID="xid_976" H5Path= "/dset" Parents="xid_928" H5ParentPaths="/">
      <hdf5:StorageLayout>
         <hdf5:ContiguousLayout/>
      </hdf5:StorageLayout>
      <hdf5:FillValueInfo FillTime="FillIfSet" AllocationTime="Late">
         <hdf5:FillValue>
            <hdf5:NoFill/>
         </hdf5:FillValue>
      </hdf5:FillValueInfo>
      <hdf5:Dataspace>
         <!-- unknown dataspace -->
      </hdf5:Dataspace>
      <hdf5:DataType>
         <hdf5:AtomicType>
            <hdf5:IntegerType ByteOrder="BE" Sign="true" Size="4" />
         </hdf5:AtomicType>
      </hdf5:DataType>
      <hdf5:Data>
         <hdf5:NoData/>
      </hdf5:Data>
   </hdf5:Dataset>
</hdf5:RootGroup>
</hdf5:HDF5-File>
