<?xml version="1.0" encoding="UTF-8"?>
<hdf5:HDF5-File xmlns:hdf5="http://hdfgroup.org/HDF5/XML/schema/HDF5-File.xsd" xmlns:xsi="http://www.w3.org/2001/XMLSchema-instance" xsi:schemaLocation="http://hdfgroup.org/HDF5/XML/schema/HDF5-File http://www.hdfgroup.org/HDF5/XML/schema/HDF5-File.xsd">
<hdf5:RootGroup OBJ-XID="xid_696" H5Path="/">
   <hdf5:Group Name="Group1" OBJ-XID="xid_1344" H5Path="/Group1" Parents="xid_696" H5ParentPaths="/" >
      <hdf5:Dataset Name="Dataset space" OBJ-XID="xid_1720" H5Path= "/Group1/Dataset space" Parents="xid_1344" H5ParentPaths="/Group1">
         <hdf5:StorageLayout>
            <hdf5:ContiguousLayout/>
         </hdf5:StorageLayout>
         <hdf5:FillValueInfo FillTime="FillIfSet" AllocationTime="Late">
            <hdf5:FillValue>
               <hdf5:NoFill/>
            </hdf5:FillValue>
         </hdf5:FillValueInfo>
         <hdf5:Dataspace>
            <hdf5:SimpleDataspace Ndims="1">
               <hdf5:Dimension  DimSize="4" MaxDimSize="4"/>
            </hdf5:SimpleDataspace>
         </hdf5:Dataspace>
         <hdf5:DataType>
            <hdf5:AtomicType>
               <hdf5:IntegerType ByteOrder="BE" Sign="false" Size="1" />
            </hdf5:AtomicType>
         </hdf5:DataType>
         <hdf5:Data>
            <hdf5:DataFromFile>
            0
            0
            0
            0
            </hdf5:DataFromFile>
         </hdf5:Data>
      </hdf5:Dataset>
      <hdf5:Dataset Name="Dataset&quot;quote" OBJ-XID="xid_2324" H5Path= "/Group1/Dataset&quot;quote" Parents="xid_1344" H5ParentPaths="/Group1">
         <hdf5:StorageLayout>
            <hdf5:ContiguousLayout/>
         </hdf5:StorageLayout>
         <hdf5:FillValueInfo FillTime="FillIfSet" AllocationTime="Late">
            <hdf5:FillValue>
               <hdf5:NoFill/>
            </hdf5:FillValue>
         </hdf5:FillValueInfo>
         <hdf5:Dataspace>
            <hdf5:SimpleDataspace Ndims="1">
               <hdf5:Dimension  DimSize="4" MaxDimSize="4"/>
            </hdf5:SimpleDataspace>
         </hdf5:Dataspace>
         <hdf5:DataType>
            <hdf5:AtomicType>
               <hdf5:IntegerType ByteOrder="BE" Sign="false" Size="4" />
            </hdf5:AtomicType>
         </hdf5:DataType>
         <hdf5:Data>
            <hdf5:DataFromFile>
            0
            3
            6
            9
            </hdf5:DataFromFile>
         </hdf5:Data>
      </hdf5:Dataset>
      <hdf5:Dataset Name="Dataset&amp;amp" OBJ-XID="xid_2612" H5Path= "/Group1/Dataset&amp;amp" Parents="xid_1344" H5ParentPaths="/Group1">
         <hdf5:StorageLayout>
            <hdf5:ContiguousLayout/>
         </hdf5:StorageLayout>
         <hdf5:FillValueInfo FillTime="FillIfSet" AllocationTime="Late">
            <hdf5:FillValue>
               <hdf5:NoFill/>
            </hdf5:FillValue>
         </hdf5:FillValueInfo>
         <hdf5:Dataspace>
            <hdf5:SimpleDataspace Ndims="1">
               <hdf5:Dimension  DimSize="4" MaxDimSize="4"/>
            </hdf5:SimpleDataspace>
         </hdf5:Dataspace>
         <hdf5:DataType>
            <hdf5:AtomicType>
               <hdf5:IntegerType ByteOrder="BE" Sign="false" Size="1" />
            </hdf5:AtomicType>
         </hdf5:DataType>
         <hdf5:Data>
            <hdf5:DataFromFile>
            0
            0
            0
            0
            </hdf5:DataFromFile>
         </hdf5:Data>
      </hdf5:Dataset>
      <hdf5:Dataset Name="Dataset&apos;apos" OBJ-XID="xid_2888" H5Path= "/Group1/Dataset&apos;apos" Parents="xid_1344" H5ParentPaths="/Group1">
         <hdf5:StorageLayout>
            <hdf5:ContiguousLayout/>
         </hdf5:StorageLayout>
         <hdf5:FillValueInfo FillTime="FillIfSet" AllocationTime="Late">
            <hdf5:FillValue>
               <hdf5:NoFill/>
            </hdf5:FillValue>
         </hdf5:FillValueInfo>
         <hdf5:Dataspace>
            <hdf5:SimpleDataspace Ndims="1">
               <hdf5:Dimension  DimSize="4" MaxDimSize="4"/>
            </hdf5:SimpleDataspace>
         </hdf5:Dataspace>
         <hdf5:DataType>
            <hdf5:AtomicType>
               <hdf5:IntegerType ByteOrder="BE" Sign="false" Size="1" />
            </hdf5:AtomicType>
         </hdf5:DataType>
         <hdf5:Data>
            <hdf5:DataFromFile>
            0
            0
            0
            0
            </hdf5:DataFromFile>
         </hdf5:Data>
      </hdf5:Dataset>
      <hdf5:Dataset Name="Dataset&lt;lt" OBJ-XID="xid_3164" H5Path= "/Group1/Dataset&lt;lt" Parents="xid_1344" H5ParentPaths="/Group1">
         <hdf5:StorageLayout>
            <hdf5:ContiguousLayout/>
         </hdf5:StorageLayout>
         <hdf5:FillValueInfo FillTime="FillIfSet" AllocationTime="Late">
            <hdf5:FillValue>
               <hdf5:NoFill/>
            </hdf5:FillValue>
         </hdf5:FillValueInfo>
         <hdf5:Dataspace>
            <hdf5:SimpleDataspace Ndims="1">
               <hdf5:Dimension  DimSize="4" MaxDimSize="4"/>
            </hdf5:SimpleDataspace>
         </hdf5:Dataspace>
         <hdf5:DataType>
            <hdf5:AtomicType>
               <hdf5:IntegerType ByteOrder="BE" Sign="false" Size="1" />
            </hdf5:AtomicType>
         </hdf5:DataType>
         <hdf5:Data>
            <hdf5:DataFromFile>
            0
            0
            0
            0
            </hdf5:DataFromFile>
         </hdf5:Data>
      </hdf5:Dataset>
      <hdf5:Dataset Name="Dataset&gt;gt" OBJ-XID="xid_3440" H5Path= "/Group1/Dataset&gt;gt" Parents="xid_1344" H5ParentPaths="/Group1">
         <hdf5:StorageLayout>
            <hdf5:ContiguousLayout/>
         </hdf5:StorageLayout>
         <hdf5:FillValueInfo FillTime="FillIfSet" AllocationTime="Late">
            <hdf5:FillValue>
               <hdf5:NoFill/>
            </hdf5:FillValue>
         </hdf5:FillValueInfo>
         <hdf5:Dataspace>
            <hdf5:SimpleDataspace Ndims="1">
               <hdf5:Dimension  DimSize="4" MaxDimSize="4"/>
            </hdf5:SimpleDataspace>
         </hdf5:Dataspace>
         <hdf5:DataType>
            <hdf5:AtomicType>
               <hdf5:IntegerType ByteOrder="BE" Sign="false" Size="1" />
            </hdf5:AtomicType>
         </hdf5:DataType>
         <hdf5:Data>
            <hdf5:DataFromFile>
            0
            0
            0
            0
            </hdf5:DataFromFile>
         </hdf5:Data>
      </hdf5:Dataset>
      <hdf5:Dataset Name="Dataset\slash" OBJ-XID="xid_3716" H5Path= "/Group1/Dataset\slash" Parents="xid_1344" H5ParentPaths="/Group1">
         <hdf5:StorageLayout>
            <hdf5:ContiguousLayout/>
         </hdf5:StorageLayout>
         <hdf5:FillValueInfo FillTime="FillIfSet" AllocationTime="Late">
            <hdf5:FillValue>
               <hdf5:NoFill/>
            </hdf5:FillValue>
         </hdf5:FillValueInfo>
         <hdf5:Dataspace>
            <hdf5:SimpleDataspace Ndims="1">
               <hdf5:Dimension  DimSize="4" MaxDimSize="4"/>
            </hdf5:SimpleDataspace>
         </hdf5:Dataspace>
         <hdf5:DataType>
            <hdf5:AtomicType>
               <hdf5:IntegerType ByteOrder="BE" Sign="false" Size="1" />
            </hdf5:AtomicType>
         </hdf5:DataType>
         <hdf5:Data>
            <hdf5:DataFromFile>
            0
            0
            0
            0
            </hdf5:DataFromFile>
         </hdf5:Data>
      </hdf5:Dataset>
      <hdf5:Group Name="Group1.1" OBJ-XID="xid_4592" H5Path="/Group1/Group1.1" Parents="xid_1344" H5ParentPaths="/Group1" >
         <hdf5:Dataset Name="Datasetrefs" OBJ-XID="xid_4640" H5Path= "/Group1/Group1.1/Datasetrefs" Parents="xid_4592" H5ParentPaths="/Group1/Group1.1">
            <hdf5:StorageLayout>
               <hdf5:ContiguousLayout/>
            </hdf5:StorageLayout>
            <hdf5:FillValueInfo FillTime="FillIfSet" AllocationTime="Late">
               <hdf5:FillValue>
                  <hdf5:NoFill/>
               </hdf5:FillValue>
            </hdf5:FillValueInfo>
            <hdf5:Dataspace>
               <hdf5:SimpleDataspace Ndims="1">
                  <hdf5:Dimension  DimSize="7" MaxDimSize="7"/>
               </hdf5:SimpleDataspace>
            </hdf5:Dataspace>
            <hdf5:DataType>
               <hdf5:AtomicType>
                  <hdf5:ReferenceType>
                     <hdf5:ObjectReferenceType />
                  </hdf5:ReferenceType>
               </hdf5:AtomicType>
            </hdf5:DataType>
         <hdf5:Data>
         <hdf5:DataFromFile>
            "/Group1/Dataset\"quote"
            "/Group1/Dataset\\slash"
            "/Group1/Dataset&amp;amp"
            "/Group1/Dataset&lt;lt"
            "/Group1/Dataset space"
            "/Group1/Dataset&apos;apos"
            "/Group1/Dataset&gt;gt"
         </hdf5:DataFromFile>
         </hdf5:Data>
         </hdf5:Dataset>
      </hdf5:Group>
   </hdf5:Group>
</hdf5:RootGroup>
</hdf5:HDF5-File>
