<?xml version="1.0" encoding="UTF-8"?>
<hdf5:HDF5-File xmlns:hdf5="http://hdfgroup.org/HDF5/XML/schema/HDF5-File.xsd" xmlns:xsi="http://www.w3.org/2001/XMLSchema-instance" xsi:schemaLocation="http://hdfgroup.org/HDF5/XML/schema/HDF5-File http://www.hdfgroup.org/HDF5/XML/schema/HDF5-File.xsd">
<hdf5:RootGroup OBJ-XID="xid_928" H5Path="/">
   <hdf5:Dataset Name="dset1" OBJ-XID="xid_976" H5Path= "/dset1" Parents="xid_928" H5ParentPaths="/">
      <hdf5:StorageLayout>
         <hdf5:ContiguousLayout/>
      </hdf5:StorageLayout>
      <hdf5:FillValueInfo FillTime="FillIfSet" AllocationTime="Late">
         <hdf5:FillValue>
            <hdf5:NoFill/>
         </hdf5:FillValue>
      </hdf5:FillValueInfo>
      <hdf5:Dataspace>
         <hdf5:SimpleDataspace Ndims="1">
            <hdf5:Dimension  DimSize="7" MaxDimSize="7"/>
         </hdf5:SimpleDataspace>
      </hdf5:Dataspace>
      <hdf5:DataType>
         <hdf5:AtomicType>
            <hdf5:StringType Cset="H5T_CSET_ASCII" StrSize="16" StrPad="H5T_STR_SPACEPAD"/>
         </hdf5:AtomicType>
      </hdf5:DataType>
      <hdf5:Attribute Name="attr1">
         <hdf5:Dataspace>
            <hdf5:SimpleDataspace Ndims="1">
               <hdf5:Dimension  DimSize="7" MaxDimSize="7"/>
            </hdf5:SimpleDataspace>
         </hdf5:Dataspace>
         <hdf5:DataType>
            <hdf5:AtomicType>
               <hdf5:StringType Cset="H5T_CSET_ASCII" StrSize="16" StrPad="H5T_STR_SPACEPAD"/>
            </hdf5:AtomicType>
         </hdf5:DataType>
         <hdf5:Data>
            <hdf5:DataFromFile>
            "                "
            "                "
            "                "
            "                "
            "                "
            "                "
            "                "
            </hdf5:DataFromFile>
         </hdf5:Data>
      </hdf5:Attribute>
      <hdf5:Data>
         <hdf5:DataFromFile>
         "String withsp   "
         "String\\withsl   "
         "String&amp;withamp  "
         "String&lt;withlt   "
         "String&gt;withgt   "
         "String&apos;withapos "
         "String\"withquot "
         </hdf5:DataFromFile>
      </hdf5:Data>
   </hdf5:Dataset>
</hdf5:RootGroup>
</hdf5:HDF5-File>
